danceability,energy,key,loudness,mode,speechiness,acousticness,instrumentalness,liveness,valence,tempo,duration,time_signature,label
0.332,0.961,0,-4.542,major,0.0867,1.17E-06,0.967,0.675,0.0387,95.081,220779,4,0
0.976,0.771,5,-8.563,major,0.221,0.084,4.94E-05,0.126,0.561,126.109,154747,4,0
0.635,0.837,1,-5.778,minor,0.213,0.293,0,0.429,0.779,95.029,227813,4,0
0.471,0.108,9,-22.826,major,0.0423,0.99,0.949,0.067,0.548,126.493,219027,4,1
0.211,0.0904,8,-27.385,major,0.0385,0.962,0.881,0.183,0.0582,82.279,103867,3,1
0.632,0.805,4,-6.989,major,0.0262,0.108,3.13E-05,0.361,0.676,97.032,281027,4,1
0.222,0.312,5,-8.897,major,0.0429,0.846,0.391,0.155,0.127,64.773,366773,3,1
0.438,0.177,0,-16.837,major,0.0339,0.937,0.956,0.298,0.465,74.999,191867,4,1
0.788,0.918,1,-2.756,major,0.102,0.129,0.000471,0.0513,0.738,124.981,263813,4,0
0.471,0.802,1,-3.599,minor,0.27,0.0125,1.45E-06,0.702,0.649,88.615,213507,4,0
0.426,0.184,2,-20.518,minor,0.0405,0.835,0.0107,0.27,0.735,157.66,163373,3,1
0.81,0.288,10,-9.971,major,0.0412,0.926,0.0107,0.236,0.941,93.266,122000,4,0
0.135,0.00925,0,-28.841,major,0.0405,0.878,0.788,0.0604,0.0389,69.321,483667,3,1
0.554,0.331,2,-13.008,minor,0.0466,0.971,0.223,0.107,0.447,184.098,218627,4,1
0.709,0.907,10,-5.063,major,0.0722,0.0388,3.13E-06,0.0873,0.425,127.953,205120,4,1
0.755,0.814,1,-6.045,major,0.285,0.245,0,0.499,0.574,87.01,392064,4,0
0.367,0.279,3,-15.758,major,0.0545,0.838,0,0.133,0.519,170.139,162213,5,1
0.438,0.464,1,-7.831,major,0.0304,0.284,0.0035,0.221,0.33,119.601,236493,4,1
0.603,0.972,11,-5.013,minor,0.0415,0.00205,0.687,0.124,0.397,145.997,185753,4,0
0.612,0.731,8,-9.147,minor,0.165,0.00926,0.846,0.151,0.748,150.005,211200,4,0
0.423,0.66,2,-7.403,major,0.12,0.0556,3.06E-05,0.134,0.646,177.954,155413,4,1
0.439,0.488,11,-14.464,major,0.0615,0.702,0.000339,0.16,0.616,93.017,308520,4,1
0.765,0.61,2,-7.408,major,0.402,0.224,0,0.0277,0.536,83.125,133012,4,0
0.488,0.222,2,-20.153,major,0.044,0.834,0.773,0.0781,0.71,140.799,151707,4,1
0.733,0.543,1,-10.002,major,0.0445,0.00213,0.000169,0.0703,0.117,106.019,293543,4,0
0.764,0.492,11,-9.429,minor,0.0348,0.0853,0.283,0.155,0.39,119.974,224653,4,1
0.701,0.817,11,-6.668,minor,0.0308,0.171,0.000168,0.114,0.958,128.001,147873,4,1
0.524,0.6,0,-6.767,major,0.0352,0.36,0.013,0.341,0.685,112.682,115773,4,1
0.902,0.186,2,-9.832,major,0.0502,0.913,0.617,0.176,0.763,101.975,195533,4,1
0.706,0.947,1,-4.654,major,0.182,0.0176,0.598,0.0529,0.299,99.976,202933,4,0
0.669,0.559,0,-7.509,major,0.0651,0.555,0,0.184,0.429,104.999,158333,4,1
0.435,0.456,6,-10.305,major,0.0279,0.136,1.62E-06,0.124,0.529,107.529,185440,4,1
0.341,0.192,0,-18.539,major,0.041,0.934,0.872,0.218,0.428,78.142,194787,4,1
0.703,0.911,5,-6.015,major,0.0275,0.267,0.056,0.17,0.943,127.974,220280,4,1
0.881,0.774,1,-6.068,major,0.0439,0.00986,0.0346,0.206,0.761,112.968,182627,4,0
0.684,0.896,9,-4.239,major,0.144,0.0366,5.76E-06,0.292,0.432,129.942,211800,4,0
0.477,0.523,0,-7.028,major,0.0442,0.624,0,0.126,0.299,163.921,225109,4,1
0.6,0.0883,0,-26.769,major,0.0548,0.916,0.926,0.155,0.574,124.042,100867,4,1
0.55,0.154,7,-14.917,major,0.0539,0.808,0,0.184,0.776,82.126,226200,4,1
0.485,0.619,5,-7.115,minor,0.0289,0.0941,3.31E-06,0.109,0.424,138.017,242373,4,1
0.531,0.243,3,-11.735,major,0.0327,0.876,6.07E-05,0.12,0.261,132.032,259160,4,1
0.481,0.809,8,-6.019,major,0.0408,0.0326,5.08E-06,0.0424,0.703,84.926,221533,4,1
0.779,0.37,0,-7.263,major,0.188,0.886,1.24E-05,0.21,0.884,180.182,97600,4,1
0.892,0.962,0,-4.603,major,0.204,0.00338,0.399,0.103,0.25,126.97,213960,4,0
0.701,0.885,2,-6.81,major,0.0614,0.132,0.000197,0.0657,0.732,121.54,253733,4,0
0.621,0.59,2,-9.031,major,0.0304,0.548,0,0.269,0.562,110.049,249027,4,0
0.405,0.76,7,-4.863,major,0.0407,0.0091,0,0.375,0.295,109.875,220333,4,1
0.576,0.827,2,-6.236,major,0.312,0.00204,0.00101,0.145,0.411,153.167,193125,5,0
0.641,0.954,6,-2.31,major,0.276,0.0373,0.00104,0.785,0.663,90.046,231333,4,0
0.76,0.777,1,-8.144,major,0.0369,0.165,0.00716,0.19,0.708,123.033,221773,4,1
0.507,0.665,0,-7.598,major,0.0474,0.0144,0,0.0759,0.406,126.879,213338,4,1
0.452,0.179,9,-11.165,major,0.0824,0.899,0,0.178,0.108,121.488,268867,4,1
0.367,0.441,2,-9.222,major,0.0326,0.356,0.000117,0.261,0.461,112.962,278680,3,1
0.299,0.38,8,-8.739,major,0.0299,0.698,1.83E-06,0.0883,0.112,88.377,221240,4,1
0.274,0.0591,5,-22.027,minor,0.0484,0.984,0.665,0.156,0.0725,89.426,320293,4,1
0.867,0.517,11,-13.222,minor,0.0875,0.00456,0.000339,0.0864,0.863,133.148,257360,4,0
0.773,0.646,8,-4.902,major,0.125,0.079,0.000297,0.0866,0.871,135,271507,4,1
0.551,0.561,7,-12.516,major,0.0483,0.325,0,0.0827,0.797,123.182,222333,4,0
0.784,0.802,8,-7.572,major,0.315,0.158,0.00882,0.108,0.514,92.978,167488,4,0
0.625,0.676,0,-7.059,major,0.036,0.115,0.00277,0.248,0.621,120.019,212453,4,1
0.352,0.431,5,-7.23,major,0.0326,0.175,6.21E-06,0.105,0.177,128.572,261000,4,1
0.506,0.919,5,-3.952,major,0.0366,0.116,0,0.349,0.797,164.108,186320,4,0
0.781,0.489,6,-7.488,major,0.131,0.596,0,0.104,0.52,120.027,248159,4,1
0.166,0.382,0,-7.555,minor,0.0462,0.95,0.00564,0.112,0.168,84.33,204373,4,1
0.736,0.773,1,-5.092,major,0.0433,0.0121,0.00531,0.333,0.268,103.026,211023,4,1
0.531,0.925,9,-6.446,major,0.22,0.275,2.48E-06,0.905,0.625,112.092,267867,4,1
0.586,0.213,0,-11.406,major,0.0284,0.853,0,0.177,0.284,82.921,221773,4,1
0.394,0.508,0,-7.917,major,0.0493,0.566,0,0.0348,0.533,151.104,163240,4,1
0.697,0.527,1,-7.958,major,0.08,0.0148,0,0.0912,0.13,132.895,276569,4,0
0.747,0.81,2,-3.282,major,0.128,0.229,0.000194,0.369,0.774,82.52,311267,4,0
0.585,0.738,2,-5.727,minor,0.0271,0.461,2.51E-05,0.274,0.595,107.947,185373,4,1
0.458,0.794,6,-6.751,major,0.0376,0.541,0.00105,0.101,0.492,126.951,294720,4,1
0.923,0.518,5,-6.008,major,0.0492,0.52,0.000142,0.104,0.693,93.023,226680,4,1
0.378,0.638,10,-5.576,major,0.075,0.02,7.66E-05,0.0849,0.762,184.086,250627,4,1
0.775,0.455,0,-8.717,major,0.0385,0.713,0,0.0832,0.628,130.337,168240,4,1
0.541,0.854,2,-6.196,major,0.155,0.0254,0.000125,0.651,0.447,86.044,205200,4,0
0.605,0.314,0,-7.631,major,0.0327,0.916,0,0.359,0.845,138.148,125867,4,1
0.923,0.518,5,-6.008,major,0.0492,0.52,0.000142,0.104,0.693,93.023,226680,4,1
0.821,0.732,2,-3.657,major,0.336,0.498,0.00113,0.12,0.796,90.983,237546,4,0
0.54,0.745,8,-7.564,minor,0.0432,0.0376,0.0128,0.116,0.277,88.573,215987,4,1
0.756,0.905,0,-2.482,major,0.0424,0.094,0,0.183,0.676,112.044,182413,4,0
0.311,0.325,2,-9.042,major,0.0283,0.0469,0,0.139,0.641,65.09,208467,1,1
0.44,0.147,2,-11.934,major,0.0515,0.983,6.00E-05,0.0914,0.304,87.517,142453,4,1
0.576,0.539,9,-7.1,major,0.102,0.59,0,0.256,0.706,102.43,180187,4,1
0.685,0.566,8,-7.976,major,0.0729,0.712,0,0.138,0.643,134.712,189830,4,1
0.696,0.708,10,-5.74,major,0.039,0.000796,0.000307,0.398,0.321,113.987,238093,4,1
0.769,0.405,6,-9.152,major,0.269,0.545,0.000887,0.0521,0.506,78.427,221213,4,1
0.568,0.441,4,-6.209,minor,0.0326,0.184,0,0.0948,0.19,136.069,209733,4,1
0.379,0.41,9,-14.768,major,0.0408,0.833,0.555,0.0644,0.709,78.519,177333,4,1
0.309,0.28,2,-12.012,major,0.0311,0.767,0,0.269,0.639,165.211,221840,4,1
0.328,0.607,2,-11.076,major,0.0315,0.319,0,0.765,0.387,146.539,213880,3,1
0.692,0.886,1,-2.519,major,0.0519,0.284,0,0.341,0.869,100.03,211013,4,0
0.612,0.84,11,-3.145,minor,0.0509,0.112,0,0.116,0.441,129.042,212862,4,1
0.687,0.846,5,-4.247,minor,0.0638,0.0873,0,0.303,0.905,157.374,73261,4,1
0.546,0.733,2,-7.073,major,0.0299,0.0399,1.11E-06,0.235,0.919,107.285,241920,4,1
0.389,0.13,2,-22.814,major,0.0367,0.887,0.326,0.086,0.532,83.679,214067,4,1
0.422,0.165,5,-20.931,major,0.0385,0.805,0.00613,0.271,0.641,144.367,187933,3,1
0.597,0.818,8,-4.91,major,0.0812,0.059,0,0.0905,0.749,156.922,56331,4,0
0.604,0.457,5,-6.942,minor,0.0304,0.753,0,0.124,0.31,136.968,223280,4,1
0.47,0.543,10,-7.756,minor,0.0372,0.741,0,0.133,0.532,125.792,146600,5,1
0.634,0.674,5,-9.75,minor,0.037,0.316,0,0.139,0.517,124.001,271853,4,1
0.778,0.879,8,-7.068,major,0.312,0.123,0,0.201,0.734,152.047,189531,4,0
0.33,0.564,3,-7.352,major,0.0492,0.729,0,0.0862,0.279,91.303,284573,4,1
0.298,0.252,2,-11.46,major,0.0342,0.444,1.77E-05,0.116,0.203,187.451,366227,3,1
0.635,0.72,1,-4.148,major,0.0451,0.00192,0.0398,0.341,0.444,126.106,188571,4,0
0.531,0.557,10,-10.794,minor,0.062,0.183,0,0.25,0.494,133.4,196800,4,1
0.845,0.576,11,-5.15,minor,0.153,0.139,0,0.0764,0.455,127.641,256027,4,0
0.5,0.624,7,-6.484,major,0.0358,0.0209,0,0.504,0.23,139.93,224387,4,1
0.749,0.745,2,-10.625,major,0.164,0.000501,0.00403,0.333,0.461,101.972,195107,4,0
0.746,0.779,6,-3.928,minor,0.268,0.0325,5.64E-06,0.301,0.533,99.906,179974,4,0
0.5,0.902,1,-4.67,minor,0.0718,0.000742,0.137,0.164,0.625,91.059,186579,4,0
0.141,0.976,1,-4.719,major,0.093,1.07E-06,0.906,0.194,0.0512,102.119,198413,4,0
0.7,0.887,9,-4.702,major,0.0399,0.302,0.000803,0.16,0.852,105.647,311547,4,1
0.772,0.242,0,-10.202,major,0.0584,0.365,0.693,0.0745,0.469,127.928,284533,4,1
0.615,0.862,10,-4.719,major,0.0663,0.693,0,0.539,0.647,96.071,302493,4,1
0.877,0.537,8,-6.035,major,0.0531,0.22,0.000642,0.118,0.801,118.954,215547,4,1
0.745,0.839,2,-5.405,major,0.0532,0.271,1.89E-05,0.0985,0.807,104.023,185067,4,1
0.181,0.948,0,-3.106,major,0.0625,2.80E-06,0.771,0.875,0.443,100.759,174196,4,0
0.273,0.0947,2,-19.465,major,0.0436,0.816,0.762,0.12,0.13,132.675,238533,3,1
0.547,0.197,10,-12.002,major,0.0303,0.941,0.000756,0.144,0.39,133.85,191827,4,1
0.449,0.523,9,-7.949,major,0.028,0.541,4.10E-05,0.162,0.563,142.438,275160,4,1
0.746,0.692,0,-4.198,minor,0.396,0.65,0,0.116,0.546,110.066,196364,4,0
0.62,0.13,1,-11.247,major,0.0862,0.936,4.89E-06,0.117,0.184,73.191,201867,4,1
0.697,0.949,0,-7.202,major,0.0353,0.0141,0,0.748,0.905,132.379,228427,4,0
0.435,0.579,0,-5.875,major,0.0297,0.625,0,0.103,0.235,109.108,334067,3,1
0.158,0.953,7,-4.517,major,0.0833,3.68E-06,0.937,0.506,0.151,106.68,277236,4,0
0.911,0.546,2,-9.792,major,0.227,0.0627,3.37E-06,0.177,0.862,91.989,91840,4,0
0.82,0.731,9,-6.02,major,0.159,0.0133,1.94E-05,0.131,0.805,127.076,237120,4,0
0.194,0.19,1,-12.703,major,0.0354,0.895,1.34E-06,0.122,0.129,85.93,251973,3,1
0.97,0.262,10,-10.023,major,0.0693,0.926,0.908,0.0794,0.706,118.971,223853,4,1
0.584,0.428,5,-14.283,major,0.0293,0.829,0.848,0.107,0.598,111.57,139067,4,1
0.609,0.737,1,-5.588,major,0.422,0.0717,0,0.0575,0.286,130.106,199827,4,0
0.657,0.56,4,-7.934,major,0.376,0.802,0.00079,0.216,0.2,118.211,132000,4,0
0.268,0.158,4,-16.031,major,0.0381,0.86,1.02E-05,0.0873,0.377,175.85,174013,4,1
0.662,0.948,8,-3.869,major,0.0914,0.142,1.23E-05,0.0675,0.833,88.987,282387,4,0
0.761,0.639,5,-7.577,minor,0.0539,0.0359,0,0.0945,0.933,164.088,219120,4,0
0.704,0.716,0,-7.199,major,0.105,0.689,0,0.45,0.637,95.038,311279,4,0
0.671,0.314,5,-8.091,minor,0.244,0.11,0,0.0825,0.295,110.898,191600,4,0
0.401,0.43,1,-9.25,major,0.0331,0.784,0.00502,0.922,0.142,87.938,243040,4,1
0.576,0.108,5,-12.435,major,0.0675,0.823,0,0.135,0.591,89.201,168667,4,0
0.976,0.415,9,-10.169,minor,0.135,0.938,0.922,0.0908,0.838,123.052,196147,4,1
0.685,0.893,1,-3.586,major,0.0646,0.000961,0.000379,0.324,0.452,131.006,250053,4,1
0.417,0.0829,3,-18.641,major,0.0399,0.992,0,0.211,0.603,145.994,93240,4,1
0.467,0.678,4,-6.729,minor,0.0397,0.325,2.31E-05,0.101,0.16,149.22,243720,3,1
0.678,0.722,11,-4.268,major,0.266,0.108,0,0.0888,0.295,142.075,205152,4,0
0.583,0.747,4,-5.633,minor,0.0834,0.293,0.00656,0.659,0.678,160.865,233893,4,1
0.61,0.858,9,-4.867,major,0.0318,0.0284,0,0.102,0.407,110.881,214813,4,1
0.575,0.939,2,-3.141,minor,0.0392,0.0112,0,0.204,0.764,111.983,175640,4,1
0.859,0.756,8,-3.36,minor,0.0643,0.168,4.65E-05,0.163,0.913,102.033,195613,4,0
0.554,0.699,9,-5.788,major,0.0369,0.000363,3.56E-06,0.0819,0.225,128.021,262893,4,1
0.666,0.721,9,-5.848,minor,0.0407,0.217,0,0.0982,0.498,120.081,277547,4,1
0.703,0.656,1,-4.593,minor,0.0496,0.0894,0,0.371,0.224,110.082,231189,4,0
0.836,0.718,10,-4.56,minor,0.0581,0.0633,2.35E-05,0.0884,0.343,99.016,171013,4,0
0.407,0.868,2,-4.057,minor,0.199,0.12,0,0.25,0.57,146.687,213213,4,0
0.511,0.334,4,-14.778,minor,0.0796,0.577,1.44E-06,0.161,0.324,127.797,149027,3,1
0.582,0.881,5,-3.373,major,0.045,0.0125,0,0.158,0.219,127.992,213750,4,1
0.655,0.949,10,-3.42,minor,0.065,0.0632,0,0.298,0.786,110.99,243520,4,0
0.528,0.672,8,-6.54,major,0.0316,0.00987,0.000704,0.141,0.45,116.078,210173,4,1
0.532,0.128,0,-16.487,major,0.0448,0.829,0,0.098,0.581,117.29,212533,3,1
0.472,0.701,0,-8.138,major,0.0942,0.616,1.48E-06,0.966,0.465,140.823,205787,4,1
0.77,0.505,1,-7.345,major,0.0828,0.311,7.40E-05,0.0777,0.763,171.798,279507,4,0
0.511,0.777,11,-9.538,minor,0.038,0.0102,0.0155,0.215,0.245,140,174893,4,1
0.796,0.252,9,-9.183,minor,0.0442,0.917,0.61,0.0577,0.622,123.039,249813,4,1
0.667,0.723,0,-6.498,major,0.0282,0.0464,0,0.276,0.733,97.016,244770,4,1
0.297,0.613,9,-9.065,major,0.0931,0.0385,3.98E-05,0.0734,0.358,170.962,170107,4,1
0.377,0.438,0,-9.703,major,0.0283,0.785,0,0.111,0.119,80.686,189800,3,1
0.192,0.111,4,-21.133,major,0.0455,0.968,0.0906,0.376,0.0394,88.223,290707,4,1
0.638,0.883,5,-4.273,major,0.0409,0.253,0,0.146,0.919,118.198,169784,4,0
0.594,0.497,1,-8.155,major,0.034,0.377,0,0.103,0.518,110.924,170427,4,1
0.788,0.673,9,-9.232,major,0.199,0.0044,4.94E-06,0.0755,0.483,99.979,228000,4,0
0.424,0.371,5,-10.313,major,0.0611,0.884,0.784,0.106,0.41,81.528,316880,4,1
0.565,0.461,0,-7.273,major,0.141,0.586,0,0.162,0.197,157.894,238933,4,1
0.886,0.629,1,-4.404,minor,0.306,0.051,7.66E-06,0.121,0.49,158.002,182491,4,0
0.701,0.968,1,-0.913,major,0.078,0.103,0,0.832,0.908,100.009,219533,4,0
0.167,0.968,6,-4.993,major,0.109,2.04E-06,0.868,0.331,0.124,112.26,180738,4,0
0.981,0.569,7,-6.025,major,0.0652,0.0318,0.000535,0.088,0.538,124.989,202400,4,0
0.631,0.678,5,-7.18,major,0.0273,0.122,7.06E-05,0.204,0.273,98.477,228067,4,1
0.473,0.803,9,-8.055,major,0.037,0.00987,1.78E-05,0.15,0.495,148.07,193963,4,1
0.189,0.0343,9,-27.421,minor,0.0414,0.99,0.926,0.0957,0.0477,100.968,362354,4,1
0.525,0.574,1,-6.448,minor,0.296,0.53,6.89E-06,0.314,0.419,199.512,206249,4,1
0.484,0.849,0,-5.176,major,0.0843,0.212,0,0.141,0.468,148.179,238248,4,1
0.327,0.28,2,-9.003,major,0.0408,0.952,3.31E-05,0.104,0.131,83.047,240600,4,1
0.524,0.873,10,-5.911,major,0.0895,0.0193,0,0.392,0.612,150.009,228147,4,1
0.869,0.746,6,-6.477,minor,0.104,0.0422,0,0.0936,0.503,119.968,190002,4,0
0.374,0.943,6,-4.108,minor,0.0556,0.000175,0.000156,0.125,0.33,112.084,333827,4,0
0.856,0.854,6,-3.98,major,0.103,0.0284,0,0.045,0.872,117.947,174785,4,0
0.357,0.832,1,-5.232,major,0.0423,0.0489,0,0.169,0.747,219.983,202800,4,1
0.757,0.64,1,-4.458,major,0.401,0.115,0,0.103,0.416,129.971,210150,4,0
0.64,0.352,11,-7.555,minor,0.0273,0.842,1.74E-06,0.246,0.588,107.769,254491,4,1
0.419,0.372,5,-10.103,major,0.0589,0.559,0,0.0673,0.776,170.366,195800,3,0
0.436,0.0629,10,-26.586,minor,0.046,0.949,1.85E-06,0.0959,0.291,99.148,130133,4,1
0.558,0.653,5,-8.312,minor,0.0428,0.273,0.007,0.108,0.4,166,213493,4,1
0.608,0.753,5,-6.209,minor,0.0331,0.0143,0.000636,0.0818,0.931,144.85,97004,4,1
0.579,0.508,2,-9.484,major,0.027,0.00574,0.000494,0.0575,0.623,147.125,391376,4,1
0.542,0.727,1,-5.268,minor,0.0849,0.135,0,0.328,0.568,150.098,231360,4,1
0.728,0.615,6,-9.051,major,0.263,0.0346,0,0.196,0.816,100.14,245533,4,0
0.511,0.769,4,-7.032,major,0.042,0.181,0,0.0921,0.814,129.657,160907,4,0
0.606,0.296,4,-8.356,major,0.0502,0.908,0,0.255,0.664,115.085,180040,3,1
0.389,0.396,7,-7.999,major,0.0332,0.887,0,0.0828,0.58,171.86,192053,3,1
0.173,0.167,2,-17.398,major,0.0409,0.923,0.0124,0.11,0.0329,71.746,312400,1,1
0.513,0.662,11,-12.787,major,0.0435,0.813,0.18,0.288,0.737,101.275,230520,4,1
0.59,0.94,10,-8.162,major,0.133,0.434,0.00202,0.102,0.657,175.927,257840,4,1
0.34,0.973,1,-3.599,minor,0.248,6.64E-05,0.813,0.319,0.17,114.078,233693,4,0
0.504,0.647,7,-5.871,major,0.0359,0.0276,0,0.152,0.235,139.883,226387,4,1
0.594,0.872,1,-2.204,major,0.0335,0.402,3.02E-05,0.345,0.846,145.115,192627,4,0
0.276,0.0652,9,-12.904,major,0.036,0.881,0,0.102,0.102,55.747,259307,4,1
0.703,0.867,6,-4.292,major,0.0453,0.107,0,0.119,0.541,128.008,213708,4,1
0.62,0.679,7,-7.007,major,0.0272,0.0586,0.000256,0.19,0.635,112.011,298600,4,1
0.516,0.605,0,-7.988,major,0.0565,0.479,4.55E-06,0.97,0.44,112.132,187053,4,1
0.503,0.618,7,-6.06,minor,0.0299,0.379,0,0.114,0.236,81.907,233560,4,1
0.542,0.599,9,-6.281,minor,0.0276,0.201,0,0.0486,0.398,117.993,204653,4,0
0.36,0.492,1,-10.325,major,0.0431,0.811,0,0.276,0.287,135.455,344867,4,1
0.544,0.403,5,-10.548,major,0.428,0.68,0,0.584,0.586,145.101,303360,3,1
0.803,0.631,8,-4.213,major,0.0444,0.102,7.39E-06,0.0858,0.659,104.999,216575,4,0
0.366,0.139,7,-19.978,major,0.039,0.885,0.913,0.0725,0.314,139.478,352000,4,1
0.767,0.271,0,-9.23,major,0.0531,0.572,0.0929,0.162,0.637,124.042,244173,4,1
0.542,0.76,0,-10.175,major,0.0546,0.291,6.62E-06,0.268,0.626,170.182,233333,4,1
0.825,0.832,5,-5.853,minor,0.0403,0.00587,0.000789,0.114,0.713,122.021,220627,4,1
0.578,0.848,1,-5.092,major,0.0882,0.00609,0.00436,0.106,0.341,178.139,251800,4,0
0.38,0.0993,2,-20.567,major,0.0509,0.914,2.32E-05,0.0605,0.447,174.874,165427,4,1
0.686,0.372,3,-11.961,major,0.0358,0.639,0,0.132,0.308,122.953,212293,4,1
0.5,0.335,7,-11.136,major,0.0291,0.796,0.857,0.141,0.621,145.327,166093,4,1
0.649,0.29,5,-9.5,major,0.0781,0.91,0,0.355,0.697,86.345,108027,3,0
0.708,0.779,7,-6.28,major,0.0787,0.421,0.00176,0.115,0.452,142.012,218228,4,1
0.83,0.768,11,-5.564,minor,0.264,0.0117,0.00017,0.0743,0.654,125.972,204879,4,0
0.588,0.909,1,-4.113,major,0.0704,0.00419,0.00129,0.243,0.748,159.019,209973,4,0
0.668,0.514,6,-6.936,minor,0.359,0.281,0,0.13,0.663,126.913,182520,5,0
0.686,0.652,5,-4.512,minor,0.0407,0.00969,1.46E-05,0.0776,0.568,128.006,225000,4,1
0.743,0.771,5,-7.648,minor,0.319,0.396,0.000828,0.445,0.766,171.935,229240,4,0
0.369,0.762,10,-8.993,major,0.0464,0.22,2.80E-05,0.579,0.639,84.957,302107,4,1
0.689,0.815,9,-3.76,major,0.0297,0.457,0,0.115,0.751,112.987,205667,4,0
0.558,0.718,5,-5.691,minor,0.0331,0.14,0,0.301,0.474,127.992,238027,4,1
0.321,0.955,10,-2.749,minor,0.146,0.00464,0.00897,0.269,0.34,167.467,189480,4,1
0.908,0.928,1,-5.972,major,0.173,0.00146,0.853,0.0532,0.208,128.024,393333,4,0
0.769,0.764,11,-3.522,minor,0.175,0.194,0,0.136,0.592,89.991,201200,4,0
0.841,0.729,6,-3.047,minor,0.239,0.0384,0,0.276,0.43,132.073,195474,4,0
0.707,0.758,4,-4.511,minor,0.0917,0.0399,0,0.141,0.663,97.037,197355,4,0
0.546,0.915,5,-3.783,major,0.0435,0.087,2.24E-06,0.341,0.92,170.15,153173,4,0
0.692,0.466,0,-10.741,major,0.0292,0.743,0.109,0.1,0.576,114.999,266200,4,1
0.768,0.768,0,-6.699,major,0.253,0.142,0,0.0664,0.467,136.943,247040,4,0
0.322,0.54,1,-6.288,minor,0.0273,0.769,0,0.12,0.179,93.776,244293,4,1
0.532,0.859,1,-4.106,major,0.142,0.0662,0,0.684,0.937,118.919,199796,4,0
0.429,0.516,4,-7.709,major,0.0297,0.088,4.82E-05,0.301,0.492,80.933,247320,4,1
0.321,0.738,5,-7.067,minor,0.0666,0.206,0.000314,0.961,0.339,104.708,302307,4,1
0.857,0.441,0,-6.649,major,0.0452,0.197,0.00123,0.108,0.637,91.977,208720,4,0
0.759,0.917,0,-4.023,major,0.055,0.189,0,0.616,0.953,126.027,202000,4,0
0.373,0.0979,1,-19.385,major,0.0484,0.859,0,0.0554,0.164,148.563,268000,4,1
0.522,0.764,10,-6.998,major,0.0352,0.0054,0.00142,0.287,0.459,117.021,286560,4,1
0.4,0.829,2,-4.577,minor,0.0419,0.0349,0,0.237,0.52,152.078,182920,4,1
0.646,0.707,7,-7.388,major,0.0347,0.456,0,0.329,0.79,123.983,205386,4,0
0.0826,0.183,2,-18.629,minor,0.0474,0.877,0.844,0.0777,0.0385,175.432,205440,4,1
0.533,0.889,1,-4.963,minor,0.095,0.164,0.0011,0.089,0.679,106.95,180918,4,0
0.696,0.315,11,-15.067,minor,0.0318,0.237,4.06E-05,0.131,0.221,112.998,323787,4,1
0.844,0.79,4,-5.695,major,0.0321,0.189,0.0205,0.0774,0.967,138.852,206027,4,1
0.911,0.6,6,-8.049,minor,0.289,0.0838,0.000113,0.338,0.254,96.01,172954,4,0
0.408,0.202,9,-14.05,minor,0.0376,0.938,2.11E-06,0.0982,0.119,86.476,295693,3,1
0.499,0.235,4,-9.564,minor,0.0396,0.862,0.000224,0.281,0.603,129.747,133467,4,1
0.606,0.71,1,-6.058,major,0.0528,0.381,0,0.103,0.505,107.85,273455,4,1
0.401,0.416,0,-10.067,major,0.0417,0.804,0,0.0957,0.547,66.47,201484,3,1
0.683,0.703,5,-5.278,major,0.419,0.0908,0,0.511,0.348,90.029,141367,4,0
0.774,0.431,1,-8.407,major,0.346,0.000146,1.99E-05,0.112,0.358,201.843,181400,4,0
0.507,0.752,4,-4.812,minor,0.0356,0.047,0,0.219,0.188,133.001,263827,4,1
0.81,0.221,5,-11.005,major,0.0429,0.601,0.21,0.184,0.799,109.96,136413,4,1
0.296,0.185,0,-12.429,major,0.0328,0.832,1.24E-05,0.111,0.205,86.294,186794,4,1
0.596,0.92,7,-6.638,major,0.0363,0.602,1.02E-05,0.076,0.967,164.301,196587,4,0
0.586,0.877,8,-2.373,major,0.105,0.000924,0.0811,0.0723,0.47,125.014,227741,4,1
0.303,0.0714,8,-26.545,major,0.044,0.939,0.535,0.0994,0.316,85.24,212573,4,1
0.596,0.8,11,-6.914,minor,0.319,0.0226,0,0.303,0.5,79.934,305173,4,0
0.797,0.654,9,-12.652,major,0.0389,0.206,0.00214,0.0641,0.962,134.055,244240,4,1
0.702,0.987,7,-2.711,major,0.148,0.00347,0.0256,0.281,0.254,99.982,174201,4,0
0.475,0.579,5,-4.096,major,0.0334,0.609,0,0.0756,0.46,178.151,182747,4,1
0.511,0.304,0,-11.096,major,0.0279,0.845,1.03E-05,0.0741,0.183,112.379,239767,3,1
0.733,0.907,4,-4.002,minor,0.158,0.0264,1.13E-06,0.1,0.66,96.053,231480,4,0
0.55,0.333,0,-14.012,major,0.0409,0.481,0.00448,0.235,0.173,127.93,343493,4,1
0.426,0.619,9,-6.751,major,0.0768,0.808,0,0.11,0.374,148.188,161173,4,1
0.39,0.302,0,-10.362,major,0.0379,0.849,0.000191,0.122,0.241,109.394,184667,3,1
0.534,0.911,9,-2.826,major,0.0441,0.000111,0.000406,0.078,0.672,139.02,234093,4,1
0.715,0.456,2,-14.894,major,0.036,0.47,4.72E-05,0.281,0.75,126.185,198587,4,1
0.653,0.676,5,-6.318,major,0.031,0.0273,0.0215,0.128,0.597,125.027,237813,4,1
0.61,0.652,1,-5.788,major,0.0232,0.0756,0.000237,0.536,0.725,95.066,212608,4,1
0.717,0.621,11,-7.588,minor,0.0605,0.00403,0,0.144,0.721,133.014,248560,4,1
0.74,0.63,11,-6.735,major,0.0338,0.446,0,0.08,0.461,95.014,209547,4,1
0.47,0.625,1,-9.228,major,0.068,0.554,0.000273,0.924,0.37,138.215,241187,4,1
0.107,0.979,1,-5.031,major,0.124,2.74E-06,0.93,0.475,0.0605,91.066,277012,4,0
0.44,0.975,11,-2.024,major,0.0806,0.000238,0.0159,0.407,0.55,147.938,290427,4,0
0.574,0.899,8,-3.741,major,0.0311,0.228,3.70E-06,0.135,0.959,171.847,178707,4,0
0.731,0.897,3,-4.962,major,0.03,0.477,0.000584,0.0804,0.953,119.33,183987,4,0
0.814,0.779,11,-3.271,major,0.235,0.175,0.000671,0.0605,0.53,93.43,268005,4,0
0.641,0.915,1,-2.608,major,0.0599,0.0012,0,0.0967,0.352,143.424,227520,4,0
0.311,0.147,10,-22.533,major,0.0567,0.983,0,0.107,0.396,77.834,124067,4,1
0.371,0.823,7,-6.766,major,0.0568,0.0246,0,0.0894,0.478,188.055,262080,4,0
0.25,0.144,7,-12.935,major,0.041,0.893,0,0.296,0.264,175.22,211733,3,1
0.564,0.377,5,-9.477,major,0.0239,0.568,0,0.104,0.453,100.035,242893,4,1
0.778,0.615,7,-6.529,major,0.0384,0.0126,1.44E-06,0.108,0.645,120.045,193467,4,1
0.47,0.299,2,-17.148,major,0.0379,0.756,0.514,0.278,0.541,130.595,130227,4,1
0.88,0.413,0,-8.459,major,0.0462,0.586,0.000833,0.0693,0.418,101.991,200413,4,1
0.77,0.83,0,-3.975,minor,0.307,0.0876,2.32E-06,0.0566,0.49,140.071,221749,4,0
0.768,0.485,6,-8.435,minor,0.0825,0.102,0,0.128,0.276,140.016,237573,4,0
0.704,0.745,1,-5.643,minor,0.142,0.733,0,0.261,0.633,133.971,81760,3,1
0.664,0.844,5,-5.012,minor,0.0405,0.00635,0.00285,0.542,0.525,142.056,206197,4,0
0.411,0.699,1,-9.261,minor,0.0742,0.275,0.000187,0.7,0.242,97.133,320920,4,1
0.624,0.668,6,-7.896,major,0.0265,0.547,1.78E-06,0.217,0.73,114.665,156960,4,0
0.772,0.805,5,-8.363,minor,0.0848,0.116,0.000349,0.0759,0.655,122.95,249133,4,1
0.717,0.347,11,-10.265,minor,0.0636,0.0511,2.43E-06,0.087,0.0593,84.987,235477,4,0
0.558,0.925,0,-3.83,major,0.0335,0.308,0,0.416,0.934,136.696,196013,4,0
0.504,0.515,9,-8.145,major,0.0355,0.00758,7.77E-06,0.111,0.514,87.883,195427,4,1
0.522,0.526,0,-8.79,major,0.0354,0.0283,0.000376,0.131,0.519,203.669,191093,4,1
0.597,0.974,1,-4.905,major,0.0419,0.0107,0.294,0.0998,0.407,128.024,288750,4,0
0.696,0.491,3,-10.062,minor,0.106,0.103,1.89E-06,0.131,0.425,122.095,226326,4,0
0.721,0.925,4,-3.208,minor,0.196,0.00171,0.0545,0.547,0.352,111.961,197442,4,0
0.588,0.54,11,-6.27,major,0.0245,0.31,0,0.297,0.39,102.019,128404,3,1
0.727,0.323,10,-14.334,major,0.0368,0.514,0.00556,0.0593,0.645,86.019,203733,4,0
0.758,0.71,7,-5.325,major,0.0315,0.0321,4.88E-06,0.332,0.962,124.069,160827,4,0
0.986,0.769,8,-6.699,major,0.302,0.794,0,0.189,0.95,117.945,143053,4,0
0.25,0.144,7,-12.935,major,0.041,0.893,0,0.296,0.264,175.22,211733,3,1
0.711,0.292,4,-15.523,minor,0.037,0.313,0,0.131,0.192,103.951,296800,4,1
0.523,0.633,2,-7.408,major,0.0324,0.335,1.31E-05,0.103,0.236,123.631,272133,4,1
0.84,0.707,9,-6.957,major,0.0514,0.0973,0,0.27,0.717,129.532,202200,4,0
0.646,0.314,0,-8.999,major,0.0345,0.778,0.00071,0.123,0.435,149.97,184480,4,1
0.771,0.685,1,-4.639,major,0.0567,0.00543,0.00157,0.0537,0.683,88.997,230200,4,0
0.249,0.564,4,-6.576,minor,0.101,0.706,0.369,0.364,0.329,78.576,208147,4,1
0.66,0.629,5,-12.359,major,0.0387,0.432,7.30E-05,0.172,0.337,111.926,340867,4,1
0.302,0.327,9,-12.193,major,0.0556,0.0625,0.000245,0.162,0.233,167.291,154231,4,0
0.605,0.92,4,-2.298,minor,0.0713,0.0012,0.000596,0.483,0.22,174.974,200787,4,0
0.648,0.475,6,-7.301,major,0.118,0.201,0,0.127,0.277,143.599,166840,4,1
0.606,0.417,0,-7.985,major,0.0296,0.324,3.53E-05,0.149,0.455,115.354,221693,4,1
0.441,0.752,11,-6.976,minor,0.57,0.241,0,0.408,0.427,163.987,226829,4,0
0.21,0.0381,9,-25.335,major,0.0475,0.952,0.00973,0.0787,0.0576,84.434,411520,4,1
0.541,0.584,10,-6.405,minor,0.0632,0.313,1.38E-06,0.0898,0.604,89.975,219067,4,0
0.437,0.285,0,-10.683,major,0.0324,0.954,0.0679,0.113,0.275,87.91,181053,4,1
0.602,0.796,0,-3.657,minor,0.103,0.0682,0.12,0.15,0.261,126.06,245053,4,1
0.599,0.902,2,-6.375,major,0.0373,0.00559,0.00324,0.136,0.468,152.037,233680,4,1
0.342,0.243,8,-20.631,major,0.0327,0.839,0.894,0.108,0.235,143.985,335667,4,1
0.587,0.677,8,-5.915,major,0.0721,0.196,2.13E-06,0.316,0.277,107.003,284359,4,0
0.217,0.305,1,-9.495,major,0.0321,0.885,0.00271,0.201,0.123,82.848,292400,4,1
0.619,0.876,0,-3.347,major,0.0438,0.243,0,0.0752,0.782,111.847,149773,4,1
0.302,0.207,1,-11.696,major,0.0359,0.886,0.00832,0.247,0.298,139.695,348640,4,1
0.183,0.0156,6,-22.938,minor,0.0484,0.981,0.225,0.0676,0.04,85.13,482333,3,1
0.507,0.795,9,-6.966,major,0.0607,0.597,0,0.296,0.903,165.54,183573,4,0
0.787,0.256,7,-11.895,major,0.371,0.912,0,0.164,0.834,121.014,187933,4,0
0.765,0.857,6,-3.811,minor,0.0495,0.000969,0.67,0.131,0.527,127.041,221797,3,1
0.694,0.832,5,-3.038,minor,0.0598,0.0192,0,0.355,0.431,135.011,220238,4,0
0.671,0.742,10,-4.768,minor,0.368,0.451,4.38E-06,0.101,0.762,89.835,283787,4,0
0.666,0.948,10,-2.776,major,0.0638,0.137,0,0.192,0.548,100.996,211931,4,0
0.757,0.398,10,-15.444,major,0.0289,0.243,0.0649,0.182,0.587,105.867,272333,4,1
0.548,0.564,9,-6.662,minor,0.105,0.671,0,0.11,0.621,95.154,224867,4,1
0.588,0.859,7,-7.554,major,0.0426,0.24,0.00615,0.125,0.902,153.272,227788,4,1
0.681,0.835,5,-4.426,major,0.0642,0.0574,0,0.223,0.601,132.059,182507,4,0
0.533,0.753,0,-5.599,major,0.0361,0.00583,0.00556,0.103,0.331,137.959,209613,4,1
0.542,0.727,1,-5.268,minor,0.0849,0.135,0,0.328,0.568,150.098,231360,4,0
0.524,0.598,7,-8.915,major,0.0285,0.703,0,0.144,0.725,109.602,201360,4,0
0.664,0.841,5,-6.939,minor,0.162,0.0993,0,0.122,0.879,119.978,215560,4,0
0.402,0.27,7,-10.016,major,0.0483,0.766,0,0.0896,0.375,112.167,192467,3,1
0.429,0.76,7,-5.434,major,0.327,0.019,0,0.102,0.541,78.26,184753,4,0
0.429,0.817,6,-2.491,minor,0.0541,0.000581,0.0328,0.0842,0.569,84.979,229373,4,0
0.58,0.101,10,-15.661,major,0.0289,0.934,0.000302,0.0768,0.296,91.003,187427,3,1
0.551,0.491,5,-6.873,minor,0.0313,0.549,0,0.121,0.363,136.926,223840,4,1
0.779,0.666,5,-7.361,major,0.0482,0.194,0.000556,0.0576,0.52,123.024,161322,4,0
0.67,0.612,3,-6.53,major,0.0273,0.392,7.56E-05,0.127,0.494,134.983,127507,4,1
0.863,0.576,5,-5.687,minor,0.239,0.124,0,0.143,0.839,132.054,236293,4,0
0.769,0.793,11,-4.25,major,0.0278,0.0206,0,0.0388,0.606,99.649,223187,4,0
0.304,0.139,0,-18.236,minor,0.0327,0.958,0.468,0.092,0.261,84.272,154600,4,1
0.477,0.776,1,-5.056,major,0.0349,0.0155,0.00314,0.203,0.424,131.004,276720,4,1
0.503,0.896,5,-6.567,minor,0.204,0.0468,0,0.716,0.659,81.191,296512,4,0
0.978,0.787,2,-2.79,major,0.0394,0.0023,4.60E-06,0.102,0.593,116.006,254467,4,0
0.663,0.856,0,-4.083,major,0.0418,0.246,9.84E-05,0.218,0.522,170.042,184947,4,0
0.351,0.137,10,-29.601,major,0.0693,0.994,0.0646,0.171,0.534,78.375,124760,4,1
0.763,0.807,1,-3.714,major,0.035,0.0714,0.28,0.348,0.544,103.038,229640,3,0
0.595,0.84,0,-5.012,major,0.0466,0.0262,0.00257,0.2,0.465,130.021,235107,4,1
0.698,0.945,9,-4.803,major,0.367,0.031,0.00223,0.255,0.613,160.017,145400,4,0
0.504,0.0241,2,-18.841,major,0.0361,0.962,0.784,0.162,0.121,124.644,218267,4,1
0.518,0.783,2,-4.88,major,0.0406,0.215,9.53E-06,0.14,0.143,125.985,214067,4,1
0.472,0.473,2,-8.533,major,0.0304,0.308,0,0.147,0.236,80.002,234960,3,1
0.851,0.609,4,-6.315,major,0.409,0.0163,0,0.0724,0.62,128.032,226547,4,0
0.711,0.761,6,-7.267,major,0.233,0.598,0.127,0.134,0.526,160.738,199343,4,0
0.306,0.377,1,-8.09,major,0.0344,0.737,0,0.0365,0.231,85.714,353920,4,1
0.157,0.195,10,-18.487,major,0.0438,0.932,0.93,0.122,0.179,177.964,198531,4,1
0.548,0.661,0,-8.326,minor,0.0413,0.307,0.0162,0.092,0.393,166.005,216240,4,1
0.628,0.882,1,-5.024,minor,0.0323,0.259,0,0.065,0.848,95.083,184413,4,1
0.557,0.466,5,-14.706,major,0.034,0.833,0.928,0.0675,0.877,118.83,184227,4,1
0.665,0.446,1,-11.884,major,0.0439,0.57,0.000669,0.082,0.17,141.94,230867,4,1
0.592,0.18,5,-15.15,major,0.354,0.843,0,0.131,0.448,182.25,33840,3,0
0.626,0.667,9,-6.484,major,0.0739,0.17,0,0.112,0.861,89.233,188467,4,0
0.646,0.916,9,-4.115,minor,0.206,0.669,4.18E-05,0.0987,0.463,180.068,283423,3,0
0.686,0.567,9,-10.993,major,0.0278,0.0749,1.23E-06,0.611,0.632,103.976,240080,4,1
0.764,0.906,7,-6.041,minor,0.0523,0.00686,0,0.257,0.602,128.043,212707,4,1
0.615,0.61,9,-10.615,major,0.0308,0.51,7.98E-05,0.251,0.859,90.081,240746,4,1
0.694,0.358,4,-15.888,major,0.032,0.817,0.27,0.113,0.946,105.089,118805,4,1
0.547,0.854,2,-3.763,major,0.0299,0.00347,0.0336,0.323,0.347,110.047,286800,4,1
0.818,0.653,1,-8.396,major,0.204,0.0335,5.46E-06,0.22,0.534,99.931,261133,4,0
0.323,0.0461,0,-27.817,major,0.0427,0.946,0.0164,0.165,0.311,123.772,100133,4,1
0.567,0.456,2,-6.062,major,0.0261,0.529,0,0.177,0.304,90.035,214133,4,1
0.764,0.262,1,-17.074,minor,0.446,0.455,0.0249,0.104,0.325,80.047,224000,4,0
0.744,0.861,1,-3.51,minor,0.0936,0.0455,0,0.321,0.707,129.88,205880,4,0
0.762,0.819,7,-4.459,major,0.0897,0.129,0,0.334,0.613,81.981,227030,4,0
0.519,0.495,6,-11.002,minor,0.101,0.124,0.00626,0.183,0.259,95.078,242227,4,1
0.603,0.321,2,-11.489,major,0.0599,0.881,0,0.34,0.861,143.104,155600,4,1
0.334,0.177,9,-13.759,major,0.0376,0.863,0,0.113,0.168,132.605,341040,4,1
0.35,0.0652,3,-22.807,major,0.0431,0.977,0.252,0.219,0.138,144.171,261107,1,1
0.425,0.562,2,-6.428,minor,0.0278,0.359,4.68E-05,0.103,0.477,81.016,238587,4,1
